region;comuna;cut;1;2;3;4;5;6;7;8;9;10;11;12
Arica y Parinacota;Arica;15101; 44.874 ; 62.129 ; 48.610 ; 65.594 ; 2.272 ; 3.449 ; 3.736 ; 3.465 ; 1.429 ; 1.311 ; 7.437 ; 8.225 
Arica y Parinacota;Camarones;15102; 327 ; 431 ; 352 ; 463 ; 115 ; 158 ; 25 ; 32 ; 10 ; 12 ; 150 ; 202 
Arica y Parinacota;Putre;15201; 492 ; 540 ; 519 ; 564 ; 109 ; 178 ; 27 ; 24 ; 7 ; 14 ; 143 ; 216 
Arica y Parinacota;General Lagos;15202; 255 ; 218 ; 265 ; 221 ; 60 ; 134 ; 10 ; 3 ; 18 ; 5 ; 88 ; 142 
Tarapacá;Iquique;1101; 38.843 ; 56.007 ; 43.576 ; 60.226 ; 1.160 ; 1.729 ; 4.733 ; 4.219 ; 1.619 ; 1.248 ; 7.512 ; 7.196 
Tarapacá;Alto Hospicio;1107; 12.673 ; 28.453 ; 13.267 ; 29.699 ; 3.141 ; 2.810 ; 594 ; 1.246 ; 465 ; 952 ; 4.200 ; 5.008 
Tarapacá;Pozo Almonte;1401; 2.484 ; 4.084 ; 2.566 ; 4.188 ; 272 ; 451 ; 82 ; 104 ; 79 ; 70 ; 433 ; 625 
Tarapacá;Camiña;1402; 391 ; 477 ; 401 ; 484 ; 191 ; 122 ; 10 ; 7 ; 13 ; 5 ; 214 ; 134 
Tarapacá;Colchane;1403; 460 ; 472 ; 479 ; 488 ; 322 ; 182 ; 19 ; 16 ; 9 ; 13 ; 350 ; 211 
Tarapacá;Huara;1404; 775 ; 943 ; 803 ; 965 ; 148 ; 241 ; 28 ; 22 ; 23 ; 18 ; 199 ; 281 
Tarapacá;Pica;1405; 971 ; 1.605 ; 1.035 ; 1.643 ; 104 ; 171 ; 64 ; 38 ; 19 ; 41 ; 187 ; 250 
Antofagasta;Antofagasta;2101; 66.151 ; 98.805 ; 72.851 ; 105.863 ; 1.489 ; 4.140 ; 6.700 ; 7.058 ; 3.058 ; 2.203 ; 11.247 ; 13.401 
Antofagasta;Mejillones;2102; 1.880 ; 3.050 ; 2.037 ; 3.430 ; 82 ; 237 ; 157 ; 380 ; 83 ; 102 ; 322 ; 719 
Antofagasta;Sierra Gorda;2103; 304 ; 343 ; 316 ; 358 ; 31 ; 46 ; 12 ; 15 ; 19 ; 9 ; 62 ; 70 
Antofagasta;Taltal;2104; 2.665 ; 3.495 ; 2.740 ; 3.627 ; 122 ; 291 ; 75 ; 132 ; 79 ; 62 ; 276 ; 485 
Antofagasta;Calama;2201; 31.182 ; 46.347 ; 35.937 ; 48.481 ; 831 ; 2.195 ; 4.755 ; 2.134 ; 1.468 ; 887 ; 7.054 ; 5.216 
Antofagasta;Ollagüe;2202; 66 ; 94 ; 66 ; 102 ; 8 ; 22 ; - ; 8 ; 8 ; 5 ; 16 ; 35 
Antofagasta;San Pedro de Atacama;2203; 1.211 ; 2.860 ; 1.339 ; 3.006 ; 68 ; 292 ; 128 ; 146 ; 43 ; 56 ; 239 ; 494 
Antofagasta;Tocopilla;2301; 6.177 ; 7.819 ; 6.663 ; 7.994 ; 161 ; 331 ; 486 ; 175 ; 212 ; 136 ; 859 ; 642 
Antofagasta;María Elena;2302; 2.095 ; 1.430 ; 2.158 ; 1.453 ; 90 ; 49 ; 63 ; 23 ; 92 ; 38 ; 245 ; 110 
Atacama;Copiapó;3101; 32.092 ; 45.533 ; 33.859 ; 46.895 ; 1.471 ; 1.703 ; 1.767 ; 1.362 ; 1.073 ; 692 ; 4.311 ; 3.757 
Atacama;Caldera;3102; 3.733 ; 5.659 ; 3.861 ; 5.821 ; 215 ; 352 ; 128 ; 162 ; 103 ; 95 ; 446 ; 609 
Atacama;Tierra Amarilla;3103; 2.916 ; 3.807 ; 3.124 ; 3.903 ; 332 ; 269 ; 208 ; 96 ; 67 ; 69 ; 607 ; 434 
Atacama;Chañaral;3201; 3.617 ; 3.688 ; 3.721 ; 3.752 ; 168 ; 188 ; 104 ; 64 ; 82 ; 87 ; 354 ; 339 
Atacama;Diego de Almagro;3202; 5.271 ; 4.515 ; 5.386 ; 4.595 ; 214 ; 120 ; 115 ; 80 ; 87 ; 34 ; 416 ; 234 
Atacama;Vallenar;3301; 12.593 ; 15.766 ; 13.247 ; 16.243 ; 543 ; 803 ; 654 ; 477 ; 373 ; 301 ; 1.570 ; 1.581 
Atacama;Alto del Carmen;3302; 1.509 ; 1.753 ; 1.544 ; 1.772 ; 279 ; 284 ; 35 ; 19 ; 39 ; 21 ; 353 ; 324 
Atacama;Freirina;3303; 1.608 ; 2.262 ; 1.635 ; 2.326 ; 226 ; 222 ; 27 ; 64 ; 40 ; 42 ; 293 ; 328 
Atacama;Huasco;3304; 2.242 ; 3.350 ; 2.307 ; 3.399 ; 202 ; 257 ; 65 ; 49 ; 65 ; 49 ; 332 ; 355 
Coquimbo;La Serena;4101; 41.212 ; 67.554 ; 43.447 ; 69.431 ; 1.124 ; 1.045 ; 2.235 ; 1.877 ; 1.128 ; 912 ; 4.487 ; 3.834 
Coquimbo;Coquimbo;4102; 41.826 ; 67.671 ; 44.247 ; 69.195 ; 1.199 ; 1.080 ; 2.421 ; 1.524 ; 1.306 ; 1.124 ; 4.926 ; 3.728 
Coquimbo;Andacollo;4103; 2.891 ; 3.469 ; 2.993 ; 3.550 ; 112 ; 187 ; 102 ; 81 ; 83 ; 55 ; 297 ; 323 
Coquimbo;La Higuera;4104; 1.158 ; 1.464 ; 1.173 ; 1.482 ; 215 ; 158 ; 15 ; 18 ; 18 ; 17 ; 248 ; 193 
Coquimbo;Paiguano;4105; 1.227 ; 1.599 ; 1.261 ; 1.612 ; 62 ; 114 ; 34 ; 13 ; 28 ; 18 ; 124 ; 145 
Coquimbo;Vicuña;4106; 6.603 ; 8.732 ; 6.777 ; 8.922 ; 367 ; 324 ; 174 ; 190 ; 162 ; 158 ; 703 ; 672 
Coquimbo;Illapel;4201; 8.151 ; 10.163 ; 8.528 ; 10.266 ; 606 ; 420 ; 377 ; 103 ; 198 ; 134 ; 1.181 ; 657 
Coquimbo;Canela;4202; 2.754 ; 3.396 ; 2.809 ; 3.424 ; 302 ; 447 ; 55 ; 28 ; 47 ; 31 ; 404 ; 506 
Coquimbo;Los Vilos;4203; 4.712 ; 7.227 ; 4.986 ; 7.288 ; 360 ; 209 ; 274 ; 61 ; 141 ; 77 ; 775 ; 347 
Coquimbo;Salamanca;4204; 6.307 ; 8.754 ; 6.495 ; 8.895 ; 398 ; 400 ; 188 ; 141 ; 141 ; 114 ; 727 ; 655 
Coquimbo;Ovalle;4301; 25.977 ; 34.694 ; 27.005 ; 35.377 ; 1.808 ; 1.404 ; 1.028 ; 683 ; 831 ; 639 ; 3.667 ; 2.726 
Coquimbo;Combarbalá;4302; 4.248 ; 4.891 ; 4.305 ; 4.962 ; 520 ; 493 ; 57 ; 71 ; 108 ; 50 ; 685 ; 614 
Coquimbo;Monte Patria;4303; 8.341 ; 10.246 ; 8.629 ; 10.412 ; 1.114 ; 958 ; 288 ; 166 ; 196 ; 167 ; 1.598 ; 1.291 
Coquimbo;Punitaqui;4304; 2.683 ; 3.758 ; 2.746 ; 3.802 ; 355 ; 432 ; 63 ; 44 ; 93 ; 46 ; 511 ; 522 
Coquimbo;Río Hurtado;4305; 1.488 ; 1.687 ; 1.501 ; 1.699 ; 175 ; 184 ; 13 ; 12 ; 35 ; 12 ; 223 ; 208 
Valparaíso;Valparaíso;5101; 74.594 ; 97.809 ; 78.642 ; 101.236 ; 1.913 ; 4.065 ; 4.048 ; 3.427 ; 2.682 ; 1.532 ; 8.643 ; 9.024 
Valparaíso;Casablanca;5102; 5.871 ; 8.692 ; 6.013 ; 8.786 ; 393 ; 191 ; 142 ; 94 ; 138 ; 107 ; 673 ; 392 
Valparaíso;Concón;5103; 8.888 ; 13.700 ; 9.060 ; 13.932 ; 272 ; 225 ; 172 ; 232 ; 181 ; 119 ; 625 ; 576 
Valparaíso;Juan Fernández;5104; 207 ; 351 ; 212 ; 353 ; 10 ; 9 ; 5 ; 2 ; 6 ; 6 ; 21 ; 17 
Valparaíso;Puchuncaví;5105; 3.825 ; 6.372 ; 3.930 ; 6.434 ; 292 ; 177 ; 105 ; 62 ; 94 ; 66 ; 491 ; 305 
Valparaíso;Quilpué;5801; 36.231 ; 50.068 ; 37.529 ; 50.724 ; 955 ; 949 ; 1.298 ; 656 ; 845 ; 445 ; 3.098 ; 2.050 
Valparaíso;Quintero;5107; 6.093 ; 10.428 ; 6.233 ; 10.602 ; 409 ; 253 ; 140 ; 174 ; 126 ; 151 ; 675 ; 578 
Valparaíso;Villa Alemana;5804; 26.539 ; 40.625 ; 27.485 ; 41.078 ; 884 ; 788 ; 946 ; 453 ; 602 ; 417 ; 2.432 ; 1.658 
Valparaíso;Viña del Mar;5109; 81.785 ; 116.370 ; 85.130 ; 119.381 ; 1.763 ; 2.466 ; 3.345 ; 3.011 ; 1.956 ; 1.096 ; 7.064 ; 6.573 
Valparaíso;Isla de Pascua;5201; 1.140 ; 2.444 ; 1.155 ; 2.509 ; 57 ; 99 ; 15 ; 65 ; 12 ; 36 ; 84 ; 200 
Valparaíso;Los Andes;5301; 15.985 ; 20.615 ; 16.552 ; 20.880 ; 255 ; 222 ; 567 ; 265 ; 409 ; 269 ; 1.231 ; 756 
Valparaíso;Calle Larga;5302; 2.634 ; 4.667 ; 2.753 ; 4.704 ; 298 ; 145 ; 119 ; 37 ; 117 ; 95 ; 534 ; 277 
Valparaíso;Rinconada;5303; 1.745 ; 3.160 ; 1.867 ; 3.192 ; 175 ; 72 ; 122 ; 32 ; 64 ; 56 ; 361 ; 160 
Valparaíso;San Esteban;5304; 4.057 ; 6.081 ; 4.170 ; 6.168 ; 232 ; 140 ; 113 ; 87 ; 122 ; 92 ; 467 ; 319 
Valparaíso;La Ligua;5401; 8.639 ; 11.827 ; 8.926 ; 12.038 ; 566 ; 203 ; 287 ; 211 ; 247 ; 169 ; 1.100 ; 583 
Valparaíso;Cabildo;5402; 4.699 ; 6.165 ; 4.941 ; 6.240 ; 239 ; 134 ; 242 ; 75 ; 164 ; 84 ; 645 ; 293 
Valparaíso;Papudo;5403; 1.212 ; 1.937 ; 1.255 ; 1.967 ; 86 ; 48 ; 43 ; 30 ; 25 ; 29 ; 154 ; 107 
Valparaíso;Petorca;5404; 2.679 ; 3.441 ; 2.715 ; 3.479 ; 174 ; 112 ; 36 ; 38 ; 47 ; 30 ; 257 ; 180 
Valparaíso;Zapallar;5405; 1.545 ; 2.472 ; 1.611 ; 2.498 ; 85 ; 56 ; 66 ; 26 ; 42 ; 17 ; 193 ; 99 
Valparaíso;Quillota;5501; 19.924 ; 28.755 ; 21.031 ; 29.369 ; 582 ; 387 ; 1.107 ; 614 ; 540 ; 388 ; 2.229 ; 1.389 
Valparaíso;Calera;5502; 12.894 ; 15.855 ; 13.668 ; 16.102 ; 537 ; 305 ; 774 ; 247 ; 438 ; 304 ; 1.749 ; 856 
Valparaíso;Hijuelas;5503; 4.178 ; 5.611 ; 4.336 ; 5.715 ; 400 ; 184 ; 158 ; 104 ; 122 ; 101 ; 680 ; 389 
Valparaíso;La Cruz;5504; 3.480 ; 7.084 ; 3.616 ; 7.121 ; 202 ; 119 ; 136 ; 37 ; 109 ; 61 ; 447 ; 217 
Valparaíso;Limache;5802; 10.547 ; 14.428 ; 10.961 ; 14.614 ; 476 ; 273 ; 414 ; 186 ; 362 ; 264 ; 1.252 ; 723 
Valparaíso;Nogales;5506; 5.589 ; 6.855 ; 5.815 ; 6.955 ; 349 ; 165 ; 226 ; 100 ; 176 ; 141 ; 751 ; 406 
Valparaíso;Olmué;5803; 4.078 ; 5.935 ; 4.191 ; 6.014 ; 318 ; 266 ; 113 ; 79 ; 113 ; 87 ; 544 ; 432 
Valparaíso;San Antonio;5601; 23.548 ; 28.474 ; 24.639 ; 28.926 ; 966 ; 525 ; 1.091 ; 452 ; 573 ; 519 ; 2.630 ; 1.496 
Valparaíso;Algarrobo;5602; 2.631 ; 5.021 ; 2.664 ; 5.073 ; 219 ; 123 ; 33 ; 52 ; 50 ; 59 ; 302 ; 234 
Valparaíso;Cartagena;5603; 5.081 ; 7.639 ; 5.193 ; 7.749 ; 432 ; 229 ; 112 ; 110 ; 122 ; 134 ; 666 ; 473 
Valparaíso;El Quisco;5604; 2.935 ; 5.788 ; 2.989 ; 5.859 ; 211 ; 149 ; 54 ; 71 ; 42 ; 72 ; 307 ; 292 
Valparaíso;El Tabo;5605; 2.361 ; 5.031 ; 2.393 ; 5.088 ; 158 ; 153 ; 32 ; 57 ; 38 ; 51 ; 228 ; 261 
Valparaíso;Santo Domingo;5606; 2.023 ; 3.560 ; 2.078 ; 3.597 ; 93 ; 87 ; 55 ; 37 ; 35 ; 34 ; 183 ; 158 
Valparaíso;San Felipe;5701; 17.579 ; 24.783 ; 18.286 ; 25.502 ; 603 ; 394 ; 707 ; 719 ; 554 ; 511 ; 1.864 ; 1.624 
Valparaíso;Catemu;5702; 3.266 ; 4.446 ; 3.365 ; 4.545 ; 297 ; 151 ; 99 ; 99 ; 87 ; 67 ; 483 ; 317 
Valparaíso;Llaillay;5703; 5.621 ; 7.861 ; 5.840 ; 7.964 ; 435 ; 188 ; 219 ; 103 ; 177 ; 143 ; 831 ; 434 
Valparaíso;Panquehue;5704; 1.668 ; 2.217 ; 1.749 ; 2.239 ; 159 ; 62 ; 81 ; 22 ; 63 ; 41 ; 303 ; 125 
Valparaíso;Putaendo;5705; 3.921 ; 5.247 ; 4.117 ; 5.317 ; 262 ; 216 ; 196 ; 70 ; 133 ; 87 ; 591 ; 373 
Valparaíso;Santa María;5706; 3.436 ; 4.911 ; 3.594 ; 4.999 ; 149 ; 104 ; 158 ; 88 ; 99 ; 77 ; 406 ; 269 
Metropolitana;Santiago;13101; 64.167 ; 163.947 ; 71.481 ; 173.881 ; 567 ; 744 ; 7.314 ; 9.934 ; 1.351 ; 3.727 ; 9.232 ; 14.405 
Metropolitana;Cerrillos;13102; 17.720 ; 23.303 ; 19.521 ; 24.031 ; 785 ; 468 ; 1.801 ; 728 ; 737 ; 651 ; 3.323 ; 1.847 
Metropolitana;Cerro Navia;13103; 34.485 ; 36.394 ; 38.719 ; 38.646 ; 2.914 ; 1.096 ; 4.234 ; 2.252 ; 2.028 ; 1.524 ; 9.176 ; 4.872 
Metropolitana;Conchalí;13104; 31.544 ; 35.939 ; 35.663 ; 38.164 ; 1.368 ; 821 ; 4.119 ; 2.225 ; 1.967 ; 1.363 ; 7.454 ; 4.409 
Metropolitana;El Bosque;13105; 41.477 ; 45.740 ; 45.155 ; 47.334 ; 2.189 ; 877 ; 3.678 ; 1.594 ; 2.152 ; 1.613 ; 8.019 ; 4.084 
Metropolitana;Estación Central;13106; 30.923 ; 43.675 ; 35.508 ; 47.009 ; 749 ; 642 ; 4.585 ; 3.334 ; 1.518 ; 1.598 ; 6.852 ; 5.574 
Metropolitana;Huechuraba;13107; 15.996 ; 27.041 ; 18.447 ; 27.964 ; 993 ; 747 ; 2.451 ; 923 ; 1.057 ; 665 ; 4.501 ; 2.335 
Metropolitana;Independencia;13108; 17.288 ; 31.958 ; 19.072 ; 34.752 ; 210 ; 271 ; 1.784 ; 2.794 ; 747 ; 1.338 ; 2.741 ; 4.403 
Metropolitana;La Cisterna;13109; 21.872 ; 28.501 ; 23.770 ; 29.294 ; 819 ; 478 ; 1.898 ; 793 ; 722 ; 529 ; 3.439 ; 1.800 
Metropolitana;La Florida;13110; 92.065 ; 112.040 ; 99.016 ; 115.085 ; 1.913 ; 1.147 ; 6.951 ; 3.045 ; 3.084 ; 1.907 ; 11.948 ; 6.099 
Metropolitana;La Granja;13111; 31.081 ; 32.905 ; 34.422 ; 34.274 ; 1.870 ; 953 ; 3.341 ; 1.369 ; 1.692 ; 1.175 ; 6.903 ; 3.497 
Metropolitana;La Pintana;13112; 43.139 ; 47.066 ; 47.294 ; 48.817 ; 1.741 ; 895 ; 4.155 ; 1.751 ; 2.728 ; 2.034 ; 8.624 ; 4.680 
Metropolitana;La Reina;13113; 24.509 ; 28.007 ; 25.828 ; 28.703 ; 227 ; 181 ; 1.319 ; 696 ; 474 ; 229 ; 2.020 ; 1.106 
Metropolitana;Las Condes;13114; 73.166 ; 104.821 ; 74.599 ; 106.564 ; 394 ; 226 ; 1.433 ; 1.743 ; 526 ; 332 ; 2.353 ; 2.301 
Metropolitana;Lo Barnechea;13115; 15.529 ; 26.405 ; 16.406 ; 26.864 ; 637 ; 399 ; 877 ; 459 ; 372 ; 302 ; 1.886 ; 1.160 
Metropolitana;Lo Espejo;13116; 24.330 ; 25.823 ; 28.550 ; 27.617 ; 1.281 ; 571 ; 4.220 ; 1.794 ; 1.731 ; 1.159 ; 7.232 ; 3.524 
Metropolitana;Lo Prado;13117; 25.398 ; 28.434 ; 29.003 ; 29.926 ; 919 ; 657 ; 3.605 ; 1.492 ; 1.386 ; 1.019 ; 5.910 ; 3.168 
Metropolitana;Macul;13118; 28.498 ; 38.493 ; 31.828 ; 39.822 ; 493 ; 461 ; 3.330 ; 1.329 ; 1.117 ; 733 ; 4.940 ; 2.523 
Metropolitana;Maipú;13119; 121.851 ; 152.126 ; 125.787 ; 155.337 ; 1.634 ; 1.279 ; 3.936 ; 3.211 ; 2.760 ; 2.478 ; 8.330 ; 6.968 
Metropolitana;Ñuñoa;13120; 51.207 ; 80.450 ; 52.884 ; 82.205 ; 190 ; 122 ; 1.677 ; 1.755 ; 640 ; 436 ; 2.507 ; 2.313 
Metropolitana;Pedro Aguirre Cerda;13121; 27.505 ; 28.283 ; 30.461 ; 29.904 ; 926 ; 507 ; 2.956 ; 1.621 ; 1.726 ; 1.129 ; 5.608 ; 3.257 
Metropolitana;Peñalolén;13122; 49.915 ; 67.524 ; 56.738 ; 70.065 ; 3.142 ; 1.487 ; 6.823 ; 2.541 ; 2.825 ; 1.882 ; 12.790 ; 5.910 
Metropolitana;Providencia;13123; 44.164 ; 59.838 ; 45.233 ; 61.987 ; 121 ; 77 ; 1.069 ; 2.149 ; 162 ; 118 ; 1.352 ; 2.344 
Metropolitana;Pudahuel;13124; 46.623 ; 64.392 ; 51.056 ; 66.601 ; 1.860 ; 952 ; 4.433 ; 2.209 ; 2.318 ; 1.746 ; 8.611 ; 4.907 
Metropolitana;Quilicura;13125; 32.836 ; 59.229 ; 33.785 ; 60.675 ; 377 ; 632 ; 949 ; 1.446 ; 964 ; 1.503 ; 2.290 ; 3.581 
Metropolitana;Quinta Normal;13126; 25.024 ; 33.746 ; 29.334 ; 35.569 ; 969 ; 623 ; 4.310 ; 1.823 ; 1.534 ; 930 ; 6.813 ; 3.376 
Metropolitana;Recoleta;13127; 34.349 ; 46.615 ; 39.987 ; 50.022 ; 1.388 ; 1.015 ; 5.638 ; 3.407 ; 2.202 ; 1.812 ; 9.228 ; 6.234 
Metropolitana;Renca;13128; 31.056 ; 41.417 ; 34.695 ; 42.963 ; 2.261 ; 878 ; 3.639 ; 1.546 ; 1.807 ; 1.363 ; 7.707 ; 3.787 
Metropolitana;San Joaquín;13129; 23.430 ; 27.869 ; 27.142 ; 29.672 ; 600 ; 366 ; 3.712 ; 1.803 ; 1.392 ; 899 ; 5.704 ; 3.068 
Metropolitana;San Miguel;13130; 20.613 ; 37.107 ; 22.427 ; 38.362 ; 498 ; 286 ; 1.814 ; 1.255 ; 652 ; 531 ; 2.964 ; 2.072 
Metropolitana;San Ramón;13131; 21.499 ; 22.928 ; 25.379 ; 24.383 ; 1.494 ; 771 ; 3.880 ; 1.455 ; 1.422 ; 920 ; 6.796 ; 3.146 
Metropolitana;Vitacura;13132; 21.646 ; 27.855 ; 21.870 ; 28.115 ; 28 ; 26 ; 224 ; 260 ; 85 ; 15 ; 337 ; 301 
Metropolitana;Puente Alto;13201; 126.165 ; 161.659 ; 130.698 ; 164.555 ; 2.106 ; 1.204 ; 4.533 ; 2.896 ; 3.699 ; 3.493 ; 10.338 ; 7.593 
Metropolitana;Pirque;13202; 4.145 ; 7.560 ; 4.272 ; 7.651 ; 267 ; 211 ; 127 ; 91 ; 106 ; 119 ; 500 ; 421 
Metropolitana;San José de Maipo;13203; 3.534 ; 5.132 ; 3.738 ; 5.210 ; 293 ; 261 ; 204 ; 78 ; 111 ; 77 ; 608 ; 416 
Metropolitana;Colina;13301; 18.352 ; 38.977 ; 19.089 ; 39.667 ; 832 ; 702 ; 737 ; 690 ; 626 ; 747 ; 2.195 ; 2.139 
Metropolitana;Lampa;13302; 10.163 ; 29.328 ; 10.502 ; 29.739 ; 1.040 ; 1.039 ; 339 ; 411 ; 289 ; 542 ; 1.668 ; 1.992 
Metropolitana;Tiltil;13303; 3.935 ; 5.716 ; 4.008 ; 5.796 ; 306 ; 235 ; 73 ; 80 ; 111 ; 112 ; 490 ; 427 
Metropolitana;San Bernardo;13401; 58.990 ; 84.069 ; 64.192 ; 86.415 ; 2.267 ; 1.756 ; 5.202 ; 2.346 ; 2.497 ; 2.426 ; 9.966 ; 6.528 
Metropolitana;Buin;13402; 14.862 ; 28.042 ; 16.434 ; 28.635 ; 1.243 ; 680 ; 1.572 ; 593 ; 752 ; 577 ; 3.567 ; 1.850 
Metropolitana;Calera de Tango;13403; 4.316 ; 7.009 ; 4.506 ; 7.109 ; 326 ; 256 ; 190 ; 100 ; 133 ; 154 ; 649 ; 510 
Metropolitana;Paine;13404; 12.421 ; 21.274 ; 12.960 ; 21.661 ; 739 ; 598 ; 539 ; 387 ; 476 ; 511 ; 1.754 ; 1.496 
Metropolitana;Melipilla;13501; 23.781 ; 38.468 ; 24.871 ; 39.110 ; 1.138 ; 678 ; 1.090 ; 642 ; 785 ; 597 ; 3.013 ; 1.917 
Metropolitana;Alhué;13502; 1.163 ; 1.903 ; 1.190 ; 1.926 ; 119 ; 75 ; 27 ; 23 ; 40 ; 25 ; 186 ; 123 
Metropolitana;Curacaví;13503; 6.348 ; 9.974 ; 6.642 ; 10.124 ; 579 ; 331 ; 294 ; 150 ; 204 ; 201 ; 1.077 ; 682 
Metropolitana;María Pinto;13504; 2.761 ; 4.171 ; 2.805 ; 4.246 ; 278 ; 136 ; 44 ; 75 ; 68 ; 74 ; 390 ; 285 
Metropolitana;San Pedro;13505; 2.076 ; 3.212 ; 2.124 ; 3.249 ; 199 ; 185 ; 48 ; 37 ; 48 ; 44 ; 295 ; 266 
Metropolitana;Talagante;13601; 14.872 ; 21.379 ; 15.549 ; 21.618 ; 568 ; 383 ; 677 ; 239 ; 454 ; 475 ; 1.699 ; 1.097 
Metropolitana;El Monte;13602; 6.568 ; 10.735 ; 6.959 ; 10.885 ; 396 ; 166 ; 391 ; 150 ; 214 ; 225 ; 1.001 ; 541 
Metropolitana;Isla de Maipo;13603; 6.618 ; 10.722 ; 7.012 ; 10.855 ; 360 ; 263 ; 394 ; 133 ; 244 ; 221 ; 998 ; 617 
Metropolitana;Padre Hurtado;13604; 9.101 ; 18.203 ; 10.097 ; 18.608 ; 635 ; 482 ; 996 ; 405 ; 412 ; 417 ; 2.043 ; 1.304 
Metropolitana;Peñaflor;13605; 16.787 ; 26.130 ; 17.850 ; 26.513 ; 536 ; 422 ; 1.063 ; 383 ; 642 ; 548 ; 2.241 ; 1.353 
O'Higgins;Rancagua;6101; 56.077 ; 79.433 ; 59.251 ; 80.723 ; 1.099 ; 851 ; 3.174 ; 1.290 ; 1.563 ; 927 ; 5.836 ; 3.068 
O'Higgins;Codegua;6102; 2.727 ; 3.915 ; 2.826 ; 3.964 ; 189 ; 111 ; 99 ; 49 ; 118 ; 77 ; 406 ; 237 
O'Higgins;Coinco;6103; 1.677 ; 2.393 ; 1.771 ; 2.418 ; 150 ; 73 ; 94 ; 25 ; 39 ; 32 ; 283 ; 130 
O'Higgins;Coltauco;6104; 4.258 ; 6.244 ; 4.467 ; 6.294 ; 351 ; 218 ; 209 ; 50 ; 122 ; 99 ; 682 ; 367 
O'Higgins;Doñihue;6105; 4.397 ; 6.774 ; 4.615 ; 6.849 ; 304 ; 269 ; 218 ; 75 ; 131 ; 76 ; 653 ; 420 
O'Higgins;Graneros;6106; 6.341 ; 10.223 ; 6.887 ; 10.365 ; 365 ; 286 ; 546 ; 142 ; 222 ; 204 ; 1.133 ; 632 
O'Higgins;Las Cabras;6107; 5.440 ; 8.027 ; 5.669 ; 8.118 ; 291 ; 318 ; 229 ; 91 ; 181 ; 130 ; 701 ; 539 
O'Higgins;Machalí;6108; 7.231 ; 16.642 ; 7.666 ; 16.770 ; 340 ; 281 ; 435 ; 128 ; 218 ; 153 ; 993 ; 562 
O'Higgins;Malloa;6109; 3.377 ; 4.383 ; 3.527 ; 4.447 ; 430 ; 287 ; 150 ; 64 ; 97 ; 75 ; 677 ; 426 
O'Higgins;Mostazal;6110; 5.506 ; 7.838 ; 5.769 ; 8.002 ; 386 ; 312 ; 263 ; 164 ; 232 ; 132 ; 881 ; 608 
O'Higgins;Olivar;6111; 3.118 ; 4.217 ; 3.269 ; 4.263 ; 364 ; 190 ; 151 ; 46 ; 130 ; 67 ; 645 ; 303 
O'Higgins;Peumo;6112; 3.443 ; 4.432 ; 3.729 ; 4.492 ; 229 ; 148 ; 286 ; 60 ; 119 ; 95 ; 634 ; 303 
O'Higgins;Pichidegua;6113; 4.699 ; 6.302 ; 4.977 ; 6.479 ; 204 ; 259 ; 278 ; 177 ; 149 ; 110 ; 631 ; 546 
O'Higgins;Quinta de Tilcoco;6114; 2.866 ; 4.140 ; 3.077 ; 4.269 ; 269 ; 106 ; 211 ; 129 ; 113 ; 68 ; 593 ; 303 
O'Higgins;Rengo;6115; 13.318 ; 18.888 ; 14.010 ; 19.123 ; 861 ; 567 ; 692 ; 235 ; 419 ; 323 ; 1.972 ; 1.125 
O'Higgins;Requínoa;6116; 5.545 ; 8.417 ; 5.846 ; 8.587 ; 441 ; 324 ; 301 ; 170 ; 182 ; 146 ; 924 ; 640 
O'Higgins;San Vicente;6117; 10.873 ; 15.332 ; 11.467 ; 15.605 ; 637 ; 469 ; 594 ; 273 ; 282 ; 209 ; 1.513 ; 951 
O'Higgins;Pichilemu;6201; 3.348 ; 5.884 ; 3.475 ; 5.999 ; 272 ; 217 ; 127 ; 115 ; 72 ; 48 ; 471 ; 380 
O'Higgins;La Estrella;6202; 917 ; 1.123 ; 949 ; 1.136 ; 27 ; 46 ; 32 ; 13 ; 11 ; 4 ; 70 ; 63 
O'Higgins;Litueche;6203; 1.572 ; 2.294 ; 1.634 ; 2.323 ; 108 ; 87 ; 62 ; 29 ; 24 ; 28 ; 194 ; 144 
O'Higgins;Marchihue;6204; 1.888 ; 2.555 ; 2.006 ; 2.584 ; 71 ; 100 ; 118 ; 29 ; 21 ; 20 ; 210 ; 149 
O'Higgins;Navidad;6205; 1.743 ; 2.531 ; 1.769 ; 2.559 ; 188 ; 128 ; 26 ; 28 ; 20 ; 21 ; 234 ; 177 
O'Higgins;Paredones;6206; 1.784 ; 2.245 ; 1.899 ; 2.276 ; 66 ; 138 ; 115 ; 31 ; 31 ; 14 ; 212 ; 183 
O'Higgins;San Fernando;6301; 17.056 ; 24.403 ; 17.708 ; 24.695 ; 668 ; 463 ; 652 ; 292 ; 509 ; 285 ; 1.829 ; 1.040 
O'Higgins;Chépica;6302; 3.451 ; 4.965 ; 3.628 ; 5.004 ; 170 ; 251 ; 177 ; 39 ; 137 ; 62 ; 484 ; 352 
O'Higgins;Chimbarongo;6303; 8.305 ; 11.479 ; 8.749 ; 11.620 ; 717 ; 473 ; 444 ; 141 ; 275 ; 183 ; 1.436 ; 797 
O'Higgins;Lolol;6304; 1.630 ; 2.372 ; 1.704 ; 2.392 ; 67 ; 125 ; 74 ; 20 ; 58 ; 36 ; 199 ; 181 
O'Higgins;Nancagua;6305; 3.916 ; 5.761 ; 4.182 ; 5.870 ; 185 ; 193 ; 266 ; 109 ; 125 ; 59 ; 576 ; 361 
O'Higgins;Palmilla;6306; 2.692 ; 3.905 ; 2.889 ; 3.999 ; 172 ; 184 ; 197 ; 94 ; 103 ; 57 ; 472 ; 335 
O'Higgins;Peralillo;6307; 2.687 ; 3.698 ; 2.770 ; 3.765 ; 105 ; 151 ; 83 ; 67 ; 62 ; 26 ; 250 ; 244 
O'Higgins;Placilla;6308; 2.105 ; 2.753 ; 2.205 ; 2.809 ; 255 ; 207 ; 100 ; 56 ; 62 ; 53 ; 417 ; 316 
O'Higgins;Pumanque;6309; 914 ; 1.197 ; 966 ; 1.211 ; 63 ; 86 ; 52 ; 14 ; 30 ; 17 ; 145 ; 117 
O'Higgins;Santa Cruz;6310; 8.362 ; 12.423 ; 8.893 ; 12.707 ; 344 ; 392 ; 531 ; 284 ; 284 ; 161 ; 1.159 ; 837 
Maule;Talca;7101; 53.077 ; 71.529 ; 55.401 ; 73.292 ; 1.894 ; 832 ; 2.324 ; 1.763 ; 1.490 ; 855 ; 5.708 ; 3.450 
Maule;Constitución;7102; 11.978 ; 15.296 ; 12.553 ; 15.452 ; 760 ; 521 ; 575 ; 156 ; 316 ; 156 ; 1.651 ; 833 
Maule;Curepto;7103; 3.080 ; 3.578 ; 3.178 ; 3.618 ; 216 ; 434 ; 98 ; 40 ; 59 ; 25 ; 373 ; 499 
Maule;Empedrado;7104; 1.118 ; 1.423 ; 1.146 ; 1.456 ; 91 ; 128 ; 28 ; 33 ; 33 ; 12 ; 152 ; 173 
Maule;Maule;7105; 4.468 ; 15.743 ; 4.591 ; 15.859 ; 583 ; 294 ; 123 ; 116 ; 114 ; 190 ; 820 ; 600 
Maule;Pelarco;7106; 1.953 ; 2.748 ; 2.021 ; 2.772 ; 90 ; 132 ; 68 ; 24 ; 30 ; 40 ; 188 ; 196 
Maule;Pencahue;7107; 2.132 ; 2.838 ; 2.214 ; 2.859 ; 166 ; 237 ; 82 ; 21 ; 83 ; 29 ; 331 ; 287 
Maule;Río Claro;7108; 3.270 ; 4.724 ; 3.497 ; 4.752 ; 145 ; 211 ; 227 ; 28 ; 102 ; 61 ; 474 ; 300 
Maule;San Clemente;7109; 9.717 ; 14.095 ; 10.264 ; 14.209 ; 520 ; 535 ; 547 ; 114 ; 284 ; 194 ; 1.351 ; 843 
Maule;San Rafael;7110; 2.013 ; 3.035 ; 2.132 ; 3.047 ; 148 ; 131 ; 119 ; 12 ; 56 ; 48 ; 323 ; 191 
Maule;Cauquenes;7201; 11.734 ; 14.189 ; 12.154 ; 14.323 ; 297 ; 519 ; 420 ; 134 ; 285 ; 214 ; 1.002 ; 867 
Maule;Chanco;7202; 2.427 ; 3.015 ; 2.503 ; 3.042 ; 89 ; 236 ; 76 ; 27 ; 71 ; 44 ; 236 ; 307 
Maule;Pelluhue;7203; 1.839 ; 2.770 ; 1.896 ; 2.802 ; 106 ; 99 ; 57 ; 32 ; 20 ; 14 ; 183 ; 145 
Maule;Curicó;7301; 31.566 ; 48.762 ; 33.584 ; 49.629 ; 1.293 ; 775 ; 2.018 ; 867 ; 1.073 ; 667 ; 4.384 ; 2.309 
Maule;Hualañé;7302; 2.650 ; 3.437 ; 2.768 ; 3.499 ; 170 ; 199 ; 118 ; 62 ; 66 ; 29 ; 354 ; 290 
Maule;Licantén;7303; 1.829 ; 2.347 ; 1.866 ; 2.370 ; 169 ; 156 ; 37 ; 23 ; 47 ; 24 ; 253 ; 203 
Maule;Molina;7304; 9.844 ; 15.059 ; 10.647 ; 15.301 ; 478 ; 319 ; 803 ; 242 ; 414 ; 254 ; 1.695 ; 815 
Maule;Rauco;7305; 2.284 ; 3.620 ; 2.427 ; 3.654 ; 178 ; 136 ; 143 ; 34 ; 63 ; 52 ; 384 ; 222 
Maule;Romeral;7306; 3.154 ; 4.844 ; 3.396 ; 4.906 ; 299 ; 213 ; 242 ; 62 ; 129 ; 77 ; 670 ; 352 
Maule;Sagrada Familia;7307; 4.520 ; 6.037 ; 4.760 ; 6.099 ; 278 ; 295 ; 240 ; 62 ; 161 ; 70 ; 679 ; 427 
Maule;Teno;7308; 6.405 ; 9.430 ; 6.875 ; 9.531 ; 583 ; 360 ; 470 ; 101 ; 211 ; 149 ; 1.264 ; 610 
Maule;Vichuquén;7309; 1.410 ; 1.708 ; 1.443 ; 1.717 ; 134 ; 129 ; 33 ; 9 ; 31 ; 8 ; 198 ; 146 
Maule;Linares;7401; 22.075 ; 31.014 ; 23.214 ; 31.442 ; 840 ; 700 ; 1.139 ; 428 ; 572 ; 388 ; 2.551 ; 1.516 
Maule;Colbún;7402; 4.752 ; 7.068 ; 5.002 ; 7.124 ; 185 ; 254 ; 250 ; 56 ; 97 ; 68 ; 532 ; 378 
Maule;Longaví;7403; 7.333 ; 10.060 ; 7.639 ; 10.155 ; 424 ; 628 ; 306 ; 95 ; 218 ; 152 ; 948 ; 875 
Maule;Parral;7404; 10.064 ; 14.497 ; 10.654 ; 14.607 ; 345 ; 423 ; 590 ; 110 ; 284 ; 148 ; 1.219 ; 681 
Maule;Retiro;7405; 4.841 ; 6.910 ; 5.093 ; 6.948 ; 199 ; 298 ; 252 ; 38 ; 114 ; 79 ; 565 ; 415 
Maule;San Javier;7406; 10.307 ; 15.173 ; 10.735 ; 15.311 ; 457 ; 410 ; 428 ; 138 ; 317 ; 186 ; 1.202 ; 734 
Maule;Villa Alegre;7407; 4.062 ; 5.670 ; 4.209 ; 5.722 ; 210 ; 148 ; 147 ; 52 ; 122 ; 70 ; 479 ; 270 
Maule;Yerbas Buenas;7408; 4.167 ; 5.924 ; 4.332 ; 6.011 ; 400 ; 303 ; 165 ; 87 ; 129 ; 66 ; 694 ; 456 
Ñuble;Chillán;16101; 42.403 ; 60.469 ; 44.775 ; 61.529 ; 1.179 ; 1.022 ; 2.372 ; 1.060 ; 1.236 ; 616 ; 4.787 ; 2.698 
Ñuble;Bulnes;16102; 5.487 ; 7.090 ; 5.629 ; 7.179 ; 255 ; 338 ; 142 ; 89 ; 138 ; 91 ; 535 ; 518 
Ñuble;Chillán Viejo;16103; 5.966 ; 10.041 ; 6.171 ; 10.145 ; 404 ; 294 ; 205 ; 104 ; 131 ; 105 ; 740 ; 503 
Ñuble;El Carmen;16104; 3.391 ; 4.075 ; 3.477 ; 4.110 ; 105 ; 294 ; 86 ; 35 ; 50 ; 27 ; 241 ; 356 
Ñuble;Pemuco;16105; 2.189 ; 2.776 ; 2.290 ; 2.795 ; 262 ; 206 ; 101 ; 19 ; 43 ; 34 ; 406 ; 259 
Ñuble;Pinto;16106; 2.654 ; 3.750 ; 2.719 ; 3.778 ; 139 ; 135 ; 65 ; 28 ; 55 ; 12 ; 259 ; 175 
Ñuble;Quillón;16107; 4.378 ; 6.362 ; 4.481 ; 6.417 ; 231 ; 369 ; 103 ; 55 ; 83 ; 51 ; 417 ; 475 
Ñuble;San Ignacio;16108; 4.341 ; 5.580 ; 4.450 ; 5.623 ; 236 ; 344 ; 109 ; 43 ; 63 ; 46 ; 408 ; 433 
Ñuble;Yungay;16109; 4.621 ; 6.267 ; 4.794 ; 6.303 ; 255 ; 193 ; 173 ; 36 ; 91 ; 51 ; 519 ; 280 
Ñuble;Quirihue;16201; 3.062 ; 4.274 ; 3.175 ; 4.305 ; 103 ; 242 ; 113 ; 31 ; 81 ; 27 ; 297 ; 300 
Ñuble;Cobquecura;16202; 1.641 ; 1.944 ; 1.666 ; 1.966 ; 125 ; 149 ; 25 ; 22 ; 22 ; 14 ; 172 ; 185 
Ñuble;Coelemu;16203; 4.304 ; 5.233 ; 4.485 ; 5.290 ; 176 ; 209 ; 181 ; 57 ; 113 ; 52 ; 470 ; 318 
Ñuble;Ninhue;16204; 1.647 ; 1.901 ; 1.676 ; 1.911 ; 49 ; 144 ; 29 ; 10 ; 32 ; 13 ; 110 ; 167 
Ñuble;Portezuelo;16205; 1.482 ; 1.726 ; 1.529 ; 1.750 ; 74 ; 190 ; 47 ; 24 ; 33 ; 15 ; 154 ; 229 
Ñuble;Ránquil;16206; 1.637 ; 2.099 ; 1.673 ; 2.112 ; 94 ; 148 ; 36 ; 13 ; 34 ; 17 ; 164 ; 178 
Ñuble;Treguaco;16207; 1.525 ; 1.982 ; 1.557 ; 1.997 ; 124 ; 119 ; 32 ; 15 ; 23 ; 14 ; 179 ; 148 
Ñuble;San Carlos;16301; 13.070 ; 18.124 ; 13.844 ; 18.274 ; 430 ; 511 ; 774 ; 150 ; 379 ; 197 ; 1.583 ; 858 
Ñuble;Coihueco;16302; 6.106 ; 8.605 ; 6.242 ; 8.688 ; 353 ; 320 ; 136 ; 83 ; 136 ; 65 ; 625 ; 468 
Ñuble;Ñiquén;16303; 3.266 ; 4.004 ; 3.356 ; 4.041 ; 180 ; 229 ; 90 ; 37 ; 49 ; 31 ; 319 ; 297 
Ñuble;San Fabián;16304; 979 ; 1.512 ; 1.007 ; 1.536 ; 36 ; 115 ; 28 ; 24 ; 17 ; 14 ; 81 ; 153 
Ñuble;San Nicolás;16305; 2.703 ; 3.958 ; 2.764 ; 3.989 ; 203 ; 168 ; 61 ; 31 ; 69 ; 42 ; 333 ; 241 
Biobío;Concepción;8101; 56.515 ; 75.147 ; 59.848 ; 78.628 ; 2.211 ; 1.510 ; 3.333 ; 3.481 ; 1.307 ; 680 ; 6.851 ; 5.671 
Biobío;Coronel;8102; 24.760 ; 36.299 ; 25.622 ; 36.620 ; 619 ; 588 ; 862 ; 321 ; 669 ; 411 ; 2.150 ; 1.320 
Biobío;Chiguayante;8103; 20.795 ; 26.552 ; 21.608 ; 26.874 ; 489 ; 468 ; 813 ; 322 ; 505 ; 301 ; 1.807 ; 1.091 
Biobío;Florida;8104; 2.829 ; 3.704 ; 2.882 ; 3.718 ; 150 ; 255 ; 53 ; 14 ; 41 ; 17 ; 244 ; 286 
Biobío;Hualqui;8105; 4.975 ; 7.667 ; 5.109 ; 7.754 ; 255 ; 303 ; 134 ; 87 ; 132 ; 112 ; 521 ; 502 
Biobío;Lota;8106; 12.465 ; 13.658 ; 12.988 ; 13.824 ; 556 ; 491 ; 523 ; 166 ; 474 ; 256 ; 1.553 ; 913 
Biobío;Penco;8107; 11.710 ; 14.627 ; 12.175 ; 14.811 ; 422 ; 489 ; 465 ; 184 ; 369 ; 263 ; 1.256 ; 936 
Biobío;San Pedro de la Paz;8108; 20.674 ; 41.674 ; 21.379 ; 42.010 ; 710 ; 417 ; 705 ; 336 ; 496 ; 446 ; 1.911 ; 1.199 
Biobío;Santa Juana;8109; 3.476 ; 4.724 ; 3.555 ; 4.747 ; 164 ; 136 ; 79 ; 23 ; 33 ; 41 ; 276 ; 200 
Biobío;Talcahuano;8110; 42.325 ; 46.589 ; 44.527 ; 47.473 ; 1.363 ; 1.068 ; 2.202 ; 884 ; 1.164 ; 600 ; 4.729 ; 2.552 
Biobío;Tomé;8111; 13.746 ; 18.134 ; 14.451 ; 18.319 ; 568 ; 683 ; 705 ; 185 ; 417 ; 197 ; 1.690 ; 1.065 
Biobío;Hualpén;8112; 19.551 ; 28.645 ; 21.023 ; 29.207 ; 296 ; 295 ; 1.472 ; 562 ; 729 ; 383 ; 2.497 ; 1.240 
Biobío;Lebu;8201; 6.137 ; 7.938 ; 6.417 ; 8.023 ; 273 ; 232 ; 280 ; 85 ; 205 ; 137 ; 758 ; 454 
Biobío;Arauco;8202; 8.753 ; 11.520 ; 9.138 ; 11.663 ; 494 ; 387 ; 385 ; 143 ; 222 ; 109 ; 1.101 ; 639 
Biobío;Cañete;8203; 7.975 ; 11.126 ; 8.150 ; 11.256 ; 335 ; 283 ; 175 ; 130 ; 161 ; 98 ; 671 ; 511 
Biobío;Contulmo;8204; 1.634 ; 2.046 ; 1.660 ; 2.075 ; 105 ; 64 ; 26 ; 29 ; 15 ; 12 ; 146 ; 105 
Biobío;Curanilahue;8205; 7.907 ; 10.209 ; 8.355 ; 10.321 ; 265 ; 252 ; 448 ; 112 ; 242 ; 123 ; 955 ; 487 
Biobío;Los Álamos;8206; 4.628 ; 6.772 ; 4.754 ; 6.843 ; 201 ; 195 ; 126 ; 71 ; 133 ; 72 ; 460 ; 338 
Biobío;Tirúa;8207; 2.411 ; 3.313 ; 2.471 ; 3.351 ; 252 ; 136 ; 60 ; 38 ; 30 ; 30 ; 342 ; 204 
Biobío;Los Ángeles;8301; 41.924 ; 64.612 ; 44.634 ; 65.229 ; 1.662 ; 1.460 ; 2.710 ; 617 ; 1.496 ; 765 ; 5.868 ; 2.842 
Biobío;Antuco;8302; 1.104 ; 1.424 ; 1.120 ; 1.437 ; 60 ; 91 ; 16 ; 13 ; 13 ; 13 ; 89 ; 117 
Biobío;Cabrero;8303; 6.689 ; 9.451 ; 6.897 ; 9.523 ; 422 ; 265 ; 208 ; 72 ; 153 ; 83 ; 783 ; 420 
Biobío;Laja;8304; 6.057 ; 7.514 ; 6.281 ; 7.575 ; 523 ; 331 ; 224 ; 61 ; 115 ; 74 ; 862 ; 466 
Biobío;Mulchén;8305; 7.322 ; 9.418 ; 7.627 ; 9.521 ; 335 ; 256 ; 305 ; 103 ; 221 ; 109 ; 861 ; 468 
Biobío;Nacimiento;8306; 6.735 ; 8.475 ; 7.002 ; 8.543 ; 293 ; 334 ; 267 ; 68 ; 126 ; 65 ; 686 ; 467 
Biobío;Negrete;8307; 2.223 ; 3.107 ; 2.279 ; 3.131 ; 123 ; 124 ; 56 ; 24 ; 56 ; 35 ; 235 ; 183 
Biobío;Quilaco;8308; 1.170 ; 1.443 ; 1.187 ; 1.446 ; 68 ; 73 ; 17 ; 3 ; 14 ; 16 ; 99 ; 92 
Biobío;Quilleco;8309; 2.839 ; 3.248 ; 2.898 ; 3.267 ; 83 ; 179 ; 59 ; 19 ; 42 ; 36 ; 184 ; 234 
Biobío;San Rosendo;8310; 1.043 ; 1.210 ; 1.085 ; 1.224 ; 126 ; 110 ; 42 ; 14 ; 20 ; 10 ; 188 ; 134 
Biobío;Santa Bárbara;8311; 3.284 ; 4.557 ; 3.399 ; 4.594 ; 192 ; 213 ; 115 ; 37 ; 66 ; 42 ; 373 ; 292 
Biobío;Tucapel;8312; 3.556 ; 4.936 ; 3.602 ; 4.975 ; 99 ; 136 ; 46 ; 39 ; 61 ; 22 ; 206 ; 197 
Biobío;Yumbel;8313; 5.641 ; 7.419 ; 5.837 ; 7.482 ; 275 ; 531 ; 196 ; 63 ; 152 ; 72 ; 623 ; 666 
Biobío;Alto Biobío;8314; 1.274 ; 1.757 ; 1.298 ; 1.777 ; 180 ; 329 ; 24 ; 20 ; 30 ; 26 ; 234 ; 375 
La Araucanía;Temuco;9101; 63.113 ; 92.313 ; 67.110 ; 94.533 ; 2.595 ; 2.234 ; 3.997 ; 2.220 ; 1.521 ; 1.005 ; 8.113 ; 5.459 
La Araucanía;Carahue;9102; 6.526 ; 7.895 ; 6.718 ; 7.946 ; 440 ; 521 ; 192 ; 51 ; 121 ; 89 ; 753 ; 661 
La Araucanía;Cunco;9103; 5.031 ; 6.050 ; 5.105 ; 6.113 ; 185 ; 291 ; 74 ; 63 ; 67 ; 49 ; 326 ; 403 
La Araucanía;Curarrehue;9104; 1.803 ; 2.475 ; 1.827 ; 2.486 ; 128 ; 162 ; 24 ; 11 ; 31 ; 21 ; 183 ; 194 
La Araucanía;Freire;9105; 6.811 ; 8.080 ; 6.927 ; 8.157 ; 342 ; 503 ; 116 ; 77 ; 131 ; 102 ; 589 ; 682 
La Araucanía;Galvarino;9106; 3.166 ; 3.783 ; 3.239 ; 3.811 ; 181 ; 237 ; 73 ; 28 ; 66 ; 39 ; 320 ; 304 
La Araucanía;Gorbea;9107; 4.388 ; 5.082 ; 4.500 ; 5.167 ; 285 ; 227 ; 112 ; 85 ; 63 ; 69 ; 460 ; 381 
La Araucanía;Lautaro;9108; 8.280 ; 12.016 ; 8.475 ; 12.146 ; 409 ; 446 ; 195 ; 130 ; 203 ; 154 ; 807 ; 730 
La Araucanía;Loncoche;9109; 6.527 ; 8.201 ; 6.634 ; 8.266 ; 375 ; 334 ; 107 ; 65 ; 81 ; 85 ; 563 ; 484 
La Araucanía;Melipeuco;9110; 1.602 ; 2.106 ; 1.645 ; 2.133 ; 78 ; 119 ; 43 ; 27 ; 18 ; 7 ; 139 ; 153 
La Araucanía;Nueva Imperial;9111; 7.949 ; 10.364 ; 8.334 ; 10.442 ; 453 ; 506 ; 385 ; 78 ; 224 ; 157 ; 1.062 ; 741 
La Araucanía;Padre Las Casas;9112; 14.737 ; 23.142 ; 15.279 ; 23.378 ; 822 ; 720 ; 542 ; 236 ; 448 ; 341 ; 1.812 ; 1.297 
La Araucanía;Perquenco;9113; 1.780 ; 2.314 ; 1.809 ; 2.336 ; 93 ; 112 ; 29 ; 22 ; 46 ; 24 ; 168 ; 158 
La Araucanía;Pitrufquén;9114; 6.207 ; 8.487 ; 6.426 ; 8.557 ; 230 ; 367 ; 219 ; 70 ; 141 ; 102 ; 590 ; 539 
La Araucanía;Pucón;9115; 5.621 ; 9.339 ; 5.778 ; 9.444 ; 264 ; 317 ; 157 ; 105 ; 144 ; 110 ; 565 ; 532 
La Araucanía;Saavedra;9116; 3.694 ; 4.292 ; 3.769 ; 4.326 ; 273 ; 373 ; 75 ; 34 ; 58 ; 48 ; 406 ; 455 
La Araucanía;Teodoro Schmidt;9117; 4.435 ; 5.349 ; 4.510 ; 5.394 ; 194 ; 439 ; 75 ; 45 ; 94 ; 41 ; 363 ; 525 
La Araucanía;Toltén;9118; 3.061 ; 3.341 ; 3.101 ; 3.369 ; 191 ; 221 ; 40 ; 28 ; 35 ; 21 ; 266 ; 270 
La Araucanía;Vilcún;9119; 6.046 ; 9.127 ; 6.150 ; 9.205 ; 254 ; 329 ; 104 ; 78 ; 82 ; 68 ; 440 ; 475 
La Araucanía;Villarrica;9120; 12.314 ; 18.368 ; 12.819 ; 18.576 ; 593 ; 691 ; 505 ; 208 ; 246 ; 253 ; 1.344 ; 1.152 
La Araucanía;Cholchol;9121; 2.241 ; 3.564 ; 2.265 ; 3.603 ; 127 ; 227 ; 24 ; 39 ; 46 ; 52 ; 197 ; 318 
La Araucanía;Angol;9201; 12.858 ; 17.008 ; 13.337 ; 17.243 ; 337 ; 499 ; 479 ; 235 ; 344 ; 275 ; 1.160 ; 1.009 
La Araucanía;Collipulli;9202; 5.956 ; 8.016 ; 6.194 ; 8.099 ; 215 ; 596 ; 238 ; 83 ; 133 ; 96 ; 586 ; 775 
La Araucanía;Curacautín;9203; 4.923 ; 6.083 ; 5.022 ; 6.114 ; 168 ; 233 ; 99 ; 31 ; 70 ; 56 ; 337 ; 320 
La Araucanía;Ercilla;9204; 2.331 ; 2.514 ; 2.391 ; 2.535 ; 182 ; 200 ; 60 ; 21 ; 43 ; 50 ; 285 ; 271 
La Araucanía;Lonquimay;9205; 2.808 ; 3.360 ; 2.826 ; 3.387 ; 151 ; 257 ; 18 ; 27 ; 41 ; 29 ; 210 ; 313 
La Araucanía;Los Sauces;9206; 2.043 ; 2.467 ; 2.109 ; 2.476 ; 69 ; 129 ; 66 ; 9 ; 46 ; 19 ; 181 ; 157 
La Araucanía;Lumaco;9207; 2.943 ; 3.216 ; 3.010 ; 3.235 ; 219 ; 265 ; 67 ; 19 ; 96 ; 24 ; 382 ; 308 
La Araucanía;Purén;9208; 3.476 ; 3.970 ; 3.564 ; 3.993 ; 133 ; 170 ; 88 ; 23 ; 72 ; 54 ; 293 ; 247 
La Araucanía;Renaico;9209; 2.435 ; 3.392 ; 2.516 ; 3.412 ; 105 ; 105 ; 81 ; 20 ; 66 ; 48 ; 252 ; 173 
La Araucanía;Traiguén;9210; 5.272 ; 6.258 ; 5.468 ; 6.323 ; 215 ; 237 ; 196 ; 65 ; 123 ; 106 ; 534 ; 408 
La Araucanía;Victoria;9211; 9.206 ; 11.207 ; 9.458 ; 11.320 ; 317 ; 466 ; 252 ; 113 ; 185 ; 144 ; 754 ; 723 
Los Ríos;Valdivia;14101; 36.727 ; 53.624 ; 39.205 ; 54.927 ; 1.676 ; 3.749 ; 2.478 ; 1.303 ; 961 ; 629 ; 5.115 ; 5.681 
Los Ríos;Corral;14102; 1.566 ; 1.842 ; 1.590 ; 1.861 ; 96 ; 293 ; 24 ; 19 ; 29 ; 21 ; 149 ; 333 
Los Ríos;Lanco;14103; 4.078 ; 5.643 ; 4.202 ; 5.694 ; 181 ; 266 ; 124 ; 51 ; 48 ; 49 ; 353 ; 366 
Los Ríos;Los Lagos;14104; 5.327 ; 6.446 ; 5.448 ; 6.529 ; 248 ; 409 ; 121 ; 83 ; 92 ; 65 ; 461 ; 557 
Los Ríos;Máfil;14105; 1.933 ; 2.317 ; 1.970 ; 2.336 ; 113 ; 202 ; 37 ; 19 ; 37 ; 30 ; 187 ; 251 
Los Ríos;Mariquina;14106; 4.757 ; 6.808 ; 4.894 ; 6.897 ; 334 ; 633 ; 137 ; 89 ; 97 ; 85 ; 568 ; 807 
Los Ríos;Paillaco;14107; 5.146 ; 6.476 ; 5.305 ; 6.510 ; 283 ; 508 ; 159 ; 34 ; 121 ; 92 ; 563 ; 634 
Los Ríos;Panguipulli;14108; 9.040 ; 11.615 ; 9.245 ; 11.716 ; 509 ; 610 ; 205 ; 101 ; 170 ; 95 ; 884 ; 806 
Los Ríos;La Unión;14201; 10.365 ; 12.831 ; 10.807 ; 12.916 ; 671 ; 730 ; 442 ; 85 ; 262 ; 139 ; 1.375 ; 954 
Los Ríos;Futrono;14202; 3.901 ; 4.880 ; 3.998 ; 4.923 ; 200 ; 455 ; 97 ; 43 ; 86 ; 50 ; 383 ; 548 
Los Ríos;Lago Ranco;14203; 2.791 ; 3.533 ; 2.848 ; 3.545 ; 177 ; 390 ; 57 ; 12 ; 26 ; 25 ; 260 ; 427 
Los Ríos;Río Bueno;14204; 9.294 ; 11.051 ; 9.516 ; 11.130 ; 508 ; 830 ; 222 ; 79 ; 195 ; 133 ; 925 ; 1.042 
Los Lagos;Puerto Montt;10101; 44.572 ; 78.820 ; 46.939 ; 79.887 ; 2.390 ; 4.915 ; 2.367 ; 1.067 ; 1.601 ; 827 ; 6.358 ; 6.809 
Los Lagos;Calbuco;10102; 8.073 ; 11.146 ; 8.245 ; 11.196 ; 238 ; 1.406 ; 172 ; 50 ; 216 ; 86 ; 626 ; 1.542 
Los Lagos;Cochamó;10103; 1.288 ; 1.600 ; 1.296 ; 1.605 ; 63 ; 97 ; 8 ; 5 ; 19 ; 7 ; 90 ; 109 
Los Lagos;Fresia;10104; 3.554 ; 4.356 ; 3.666 ; 4.375 ; 136 ; 281 ; 112 ; 19 ; 71 ; 39 ; 319 ; 339 
Los Lagos;Frutillar;10105; 4.146 ; 6.267 ; 4.263 ; 6.291 ; 204 ; 370 ; 117 ; 24 ; 93 ; 68 ; 414 ; 462 
Los Lagos;Los Muermos;10106; 4.567 ; 5.990 ; 4.665 ; 5.998 ; 185 ; 559 ; 98 ; 8 ; 132 ; 52 ; 415 ; 619 
Los Lagos;Llanquihue;10107; 4.279 ; 5.550 ; 4.427 ; 5.618 ; 183 ; 312 ; 148 ; 68 ; 114 ; 78 ; 445 ; 458 
Los Lagos;Maullín;10108; 4.413 ; 5.112 ; 4.466 ; 5.123 ; 208 ; 623 ; 53 ; 11 ; 64 ; 24 ; 325 ; 658 
Los Lagos;Puerto Varas;10109; 8.464 ; 14.231 ; 8.863 ; 14.382 ; 290 ; 813 ; 399 ; 151 ; 352 ; 153 ; 1.041 ; 1.117 
Los Lagos;Castro;10201; 10.076 ; 14.454 ; 10.468 ; 14.600 ; 260 ; 1.171 ; 392 ; 146 ; 295 ; 111 ; 947 ; 1.428 
Los Lagos;Ancud;10202; 10.954 ; 13.361 ; 11.223 ; 13.453 ; 296 ; 1.610 ; 269 ; 92 ; 189 ; 119 ; 754 ; 1.821 
Los Lagos;Chonchi;10203; 3.295 ; 5.045 ; 3.372 ; 5.082 ; 103 ; 626 ; 77 ; 37 ; 95 ; 26 ; 275 ; 689 
Los Lagos;Curaco de Vélez;10204; 886 ; 1.309 ; 890 ; 1.314 ; 14 ; 118 ; 4 ; 5 ; 15 ; 6 ; 33 ; 129 
Los Lagos;Dalcahue;10205; 2.805 ; 4.530 ; 2.833 ; 4.546 ; 77 ; 452 ; 28 ; 16 ; 63 ; 29 ; 168 ; 497 
Los Lagos;Puqueldón;10206; 1.107 ; 1.335 ; 1.112 ; 1.340 ; 32 ; 59 ; 5 ; 5 ; 19 ; 7 ; 56 ; 71 
Los Lagos;Queilén;10207; 1.401 ; 1.858 ; 1.413 ; 1.870 ; 36 ; 195 ; 12 ; 12 ; 19 ; 7 ; 67 ; 214 
Los Lagos;Quellón;10208; 5.546 ; 9.080 ; 5.763 ; 9.184 ; 324 ; 923 ; 217 ; 104 ; 206 ; 58 ; 747 ; 1.085 
Los Lagos;Quemchi;10209; 2.381 ; 3.010 ; 2.392 ; 3.023 ; 52 ; 283 ; 11 ; 13 ; 31 ; 9 ; 94 ; 305 
Los Lagos;Quinchao;10210; 2.306 ; 2.754 ; 2.343 ; 2.769 ; 67 ; 341 ; 37 ; 15 ; 47 ; 11 ; 151 ; 367 
Los Lagos;Osorno;10301; 39.045 ; 53.821 ; 41.316 ; 54.391 ; 1.488 ; 2.531 ; 2.271 ; 570 ; 1.236 ; 773 ; 4.995 ; 3.874 
Los Lagos;Puerto Octay;10302; 2.686 ; 2.988 ; 2.789 ; 3.002 ; 157 ; 244 ; 103 ; 14 ; 84 ; 51 ; 344 ; 309 
Los Lagos;Purranque;10303; 5.706 ; 6.786 ; 5.902 ; 6.853 ; 248 ; 445 ; 196 ; 67 ; 125 ; 90 ; 569 ; 602 
Los Lagos;Puyehue;10304; 3.011 ; 3.788 ; 3.071 ; 3.806 ; 129 ; 259 ; 60 ; 18 ; 73 ; 61 ; 262 ; 338 
Los Lagos;Río Negro;10305; 4.206 ; 4.801 ; 4.315 ; 4.850 ; 198 ; 467 ; 109 ; 49 ; 83 ; 53 ; 390 ; 569 
Los Lagos;San Juan de la Costa;10306; 2.623 ; 2.846 ; 2.638 ; 2.865 ; 332 ; 368 ; 15 ; 19 ; 58 ; 30 ; 405 ; 417 
Los Lagos;San Pablo;10307; 2.939 ; 3.533 ; 2.974 ; 3.555 ; 168 ; 281 ; 35 ; 22 ; 62 ; 47 ; 265 ; 350 
Los Lagos;Chaitén;10401; 1.837 ; 1.625 ; 1.866 ; 1.665 ; 85 ; 92 ; 29 ; 40 ; 25 ; 3 ; 139 ; 135 
Los Lagos;Futaleufú;10402; 588 ; 1.002 ; 588 ; 1.009 ; 31 ; 22 ; - ; 7 ; 4 ; 3 ; 35 ; 32 
Los Lagos;Hualaihué;10403; 2.199 ; 3.093 ; 2.233 ; 3.112 ; 76 ; 358 ; 34 ; 19 ; 58 ; 14 ; 168 ; 391 
Los Lagos;Palena;10404; 552 ; 715 ; 555 ; 718 ; 36 ; 37 ; 3 ; 3 ; 2 ; - ; 41 ; 40 
Aysén;Coyhaique;11101; 13.580 ; 19.501 ; 13.996 ; 19.612 ; 651 ; 496 ; 416 ; 111 ; 309 ; 223 ; 1.376 ; 830 
Aysén;Lago Verde;11102; 335 ; 366 ; 336 ; 367 ; 20 ; 12 ; 1 ; 1 ; 7 ; 3 ; 28 ; 16 
Aysén;Aysén;11201; 5.781 ; 7.561 ; 6.045 ; 7.609 ; 218 ; 349 ; 264 ; 48 ; 199 ; 87 ; 681 ; 484 
Aysén;Cisnes;11202; 1.492 ; 1.982 ; 1.509 ; 1.998 ; 119 ; 133 ; 17 ; 16 ; 23 ; 16 ; 159 ; 165 
Aysén;Guaitecas;11203; 383 ; 507 ; 392 ; 509 ; 5 ; 26 ; 9 ; 2 ; 7 ; 5 ; 21 ; 33 
Aysén;Cochrane;11301; 869 ; 1.227 ; 885 ; 1.243 ; 51 ; 68 ; 16 ; 16 ; 27 ; 4 ; 94 ; 88 
Aysén;O’Higgins;11302; 151 ; 229 ; 153 ; 229 ; 7 ; 16 ; 2 ; - ; - ; 1 ; 9 ; 17 
Aysén;Tortel;11303; 126 ; 187 ; 126 ; 188 ; 11 ; 14 ; - ; 1 ; 2 ; 1 ; 13 ; 16 
Aysén;Chile Chico;11401; 1.368 ; 1.783 ; 1.383 ; 1.789 ; 52 ; 78 ; 15 ; 6 ; 21 ; 13 ; 88 ; 97 
Aysén;Río Ibáñez;11402; 862 ; 1.062 ; 868 ; 1.065 ; 32 ; 38 ; 6 ; 3 ; 9 ; 6 ; 47 ; 47 
Magallanes;Punta Arenas;12101; 33.384 ; 42.379 ; 34.683 ; 43.038 ; 428 ; 1.700 ; 1.299 ; 659 ; 705 ; 457 ; 2.432 ; 2.816 
Magallanes;Laguna Blanca;12102; 118 ; 104 ; 119 ; 104 ; 10 ; 3 ; 1 ; - ; 4 ; 1 ; 15 ; 4 
Magallanes;Río Verde;12103; 85 ; 92 ; 85 ; 92 ; 2 ; 5 ; - ; - ; 3 ; 2 ; 5 ; 7 
Magallanes;San Gregorio;12104; 197 ; 147 ; 198 ; 147 ; 7 ; 5 ; 1 ; - ; 2 ; 1 ; 10 ; 6 
Magallanes;Cabo de Hornos;12201; 515 ; 563 ; 520 ; 572 ; 10 ; 18 ; 5 ; 9 ; 4 ; 6 ; 19 ; 33 
Magallanes;Antártica;12202; 10 ; 8 ; 10 ; 8 ; - ; - ; - ; - ; - ; - ; - ; - 
Magallanes;Porvenir;12301; 1.464 ; 2.097 ; 1.489 ; 2.120 ; 60 ; 98 ; 25 ; 23 ; 25 ; 30 ; 110 ; 151 
Magallanes;Primavera;12302; 229 ; 190 ; 233 ; 198 ; 12 ; 7 ; 4 ; 8 ; 1 ; - ; 17 ; 15 
Magallanes;Timaukel;12303; 84 ; 87 ; 84 ; 87 ; 7 ; 17 ; - ; - ; - ; - ; 7 ; 17 
Magallanes;Natales;12401; 5.537 ; 7.274 ; 5.665 ; 7.338 ; 41 ; 401 ; 128 ; 64 ; 90 ; 92 ; 259 ; 557 
Magallanes;Torres del Paine;12402; 128 ; 127 ; 130 ; 128 ; 13 ; 16 ; 2 ; 1 ; 1 ; - ; 16 ; 17 
